date,code,market,close,volume
2025-12-23,0050,TWSE,63.40,
2025-12-23,0051,TWSE,90.65,
2025-12-23,0052,TWSE,36.21,
2025-12-23,0053,TWSE,135.75,
2025-12-23,0055,TWSE,32.44,
2025-12-23,0056,TWSE,36.72,
2025-12-23,0057,TWSE,185.60,
2025-12-23,0061,TWSE,22.96,
2025-12-23,006203,TWSE,114.75,
2025-12-23,006204,TWSE,142.90,
2025-12-23,006205,TWSE,39.11,
2025-12-23,006206,TWSE,36.79,
2025-12-23,006207,TWSE,30.48,
2025-12-23,006208,TWSE,145.20,
2025-12-23,00625K,TWSE,,
2025-12-23,00631L,TWSE,346.60,
2025-12-23,00632R,TWSE,16.87,
2025-12-23,00633L,TWSE,49.60,
2025-12-23,00634R,TWSE,3.24,
2025-12-23,00635U,TWSE,47.36,
2025-12-23,00636,TWSE,26.84,
2025-12-23,00636K,TWSE,8.54,
2025-12-23,00637L,TWSE,20.40,
2025-12-23,00638R,TWSE,6.91,
2025-12-23,00639,TWSE,15.15,
2025-12-23,00640L,TWSE,77.20,
2025-12-23,00641R,TWSE,4.59,
2025-12-23,00642U,TWSE,14.98,
2025-12-23,00643,TWSE,16.67,
2025-12-23,00643K,TWSE,3.71,
2025-12-23,00645,TWSE,47.59,
2025-12-23,00646,TWSE,67.90,
2025-12-23,00647L,TWSE,116.95,
2025-12-23,00648R,TWSE,4.36,
2025-12-23,00650L,TWSE,17.67,
2025-12-23,00651R,TWSE,5.32,
2025-12-23,00652,TWSE,37.67,
2025-12-23,00653L,TWSE,58.80,
2025-12-23,00654R,TWSE,6.23,
2025-12-23,00655L,TWSE,34.62,
2025-12-23,00656R,TWSE,6.11,
2025-12-23,00657,TWSE,59.35,
2025-12-23,00657K,TWSE,18.84,
2025-12-23,00660,TWSE,41.95,
2025-12-23,00661,TWSE,64.85,
2025-12-23,00662,TWSE,103.25,
2025-12-23,00663L,TWSE,45.20,
2025-12-23,00664R,TWSE,2.72,
2025-12-23,00665L,TWSE,10.79,
2025-12-23,00666R,TWSE,8.87,
2025-12-23,00668,TWSE,55.60,
2025-12-23,00668K,TWSE,17.57,
2025-12-23,00669R,TWSE,5.72,
2025-12-23,00670L,TWSE,163.80,
2025-12-23,00671R,TWSE,2.84,
2025-12-23,00673R,TWSE,28.82,
2025-12-23,00674R,TWSE,5.79,
2025-12-23,00675L,TWSE,137.45,
2025-12-23,00676R,TWSE,9.27,
2025-12-23,00678,TWSE,35.03,
2025-12-23,00680L,TWSE,7.22,
2025-12-23,00681R,TWSE,20.85,
2025-12-23,00682U,TWSE,20.21,
2025-12-23,00683L,TWSE,20.82,
2025-12-23,00684R,TWSE,15.59,
2025-12-23,00685L,TWSE,123.35,
2025-12-23,00686R,TWSE,1.66,
2025-12-23,00688L,TWSE,7.20,
2025-12-23,00689R,TWSE,21.66,
2025-12-23,00690,TWSE,43.50,
2025-12-23,00692,TWSE,55.75,
2025-12-23,00693U,TWSE,20.28,
2025-12-23,00700,TWSE,18.28,
2025-12-23,00701,TWSE,29.45,
2025-12-23,00702,TWSE,23.36,
2025-12-23,00703,TWSE,21.69,
2025-12-23,00706L,TWSE,20.43,
2025-12-23,00707R,TWSE,,
2025-12-23,00708L,TWSE,94.50,
2025-12-23,00709,TWSE,36.70,
2025-12-23,00710B,TWSE,19.02,
2025-12-23,00711B,TWSE,16.35,
2025-12-23,00712,TWSE,9.17,
2025-12-23,00713,TWSE,50.90,
2025-12-23,00714,TWSE,19.91,
2025-12-23,00715L,TWSE,19.38,
2025-12-23,00717,TWSE,15.15,
2025-12-23,00728,TWSE,36.16,
2025-12-23,00730,TWSE,23.28,
2025-12-23,00731,TWSE,69.55,
2025-12-23,00733,TWSE,45.99,
2025-12-23,00735,TWSE,49.58,
2025-12-23,00736,TWSE,27.73,
2025-12-23,00737,TWSE,35.94,
2025-12-23,00738U,TWSE,57.05,
2025-12-23,00739,TWSE,26.25,
2025-12-23,00752,TWSE,26.22,
2025-12-23,00753L,TWSE,12.35,
2025-12-23,00757,TWSE,119.35,
2025-12-23,00762,TWSE,84.00,
2025-12-23,00763U,TWSE,30.43,
2025-12-23,00770,TWSE,58.25,
2025-12-23,00771,TWSE,16.13,
2025-12-23,00775B,TWSE,,
2025-12-23,00783,TWSE,24.97,
2025-12-23,00830,TWSE,58.20,
2025-12-23,00850,TWSE,54.15,
2025-12-23,00851,TWSE,55.70,
2025-12-23,00852L,TWSE,30.75,
2025-12-23,00861,TWSE,54.95,
2025-12-23,00865B,TWSE,47.37,
2025-12-23,00875,TWSE,39.07,
2025-12-23,00876,TWSE,50.95,
2025-12-23,00878,TWSE,21.69,
2025-12-23,00881,TWSE,31.75,
2025-12-23,00882,TWSE,15.28,
2025-12-23,00885,TWSE,17.56,
2025-12-23,00891,TWSE,19.36,
2025-12-23,00892,TWSE,21.21,
2025-12-23,00893,TWSE,32.78,
2025-12-23,00894,TWSE,26.56,
2025-12-23,00895,TWSE,39.04,
2025-12-23,00896,TWSE,18.83,
2025-12-23,00897,TWSE,8.79,
2025-12-23,00898,TWSE,7.92,
2025-12-23,00899,TWSE,20.32,
2025-12-23,00900,TWSE,13.69,
2025-12-23,00901,TWSE,24.19,
2025-12-23,00902,TWSE,13.00,
2025-12-23,00903,TWSE,17.60,
2025-12-23,00904,TWSE,22.25,
2025-12-23,00905,TWSE,17.00,
2025-12-23,00907,TWSE,15.51,
2025-12-23,00908,TWSE,13.79,
2025-12-23,00909,TWSE,40.54,
2025-12-23,00910,TWSE,43.45,
2025-12-23,00911,TWSE,33.15,
2025-12-23,00912,TWSE,21.10,
2025-12-23,00913,TWSE,24.09,
2025-12-23,00915,TWSE,23.06,
2025-12-23,00916,TWSE,27.50,
2025-12-23,00917,TWSE,25.33,
2025-12-23,00918,TWSE,22.50,
2025-12-23,00919,TWSE,22.54,
2025-12-23,00920,TWSE,18.34,
2025-12-23,00921,TWSE,17.55,
2025-12-23,00922,TWSE,25.24,
2025-12-23,00923,TWSE,25.35,
2025-12-23,00924,TWSE,29.18,
2025-12-23,00926,TWSE,23.23,
2025-12-23,00927,TWSE,21.00,
2025-12-23,00929,TWSE,17.99,
2025-12-23,00930,TWSE,17.32,
2025-12-23,00932,TWSE,14.26,
2025-12-23,00934,TWSE,20.43,
2025-12-23,00935,TWSE,29.29,
2025-12-23,00936,TWSE,15.92,
2025-12-23,00938,TWSE,17.24,
2025-12-23,00939,TWSE,14.69,
2025-12-23,00940,TWSE,9.27,
2025-12-23,00941,TWSE,17.27,
2025-12-23,00943,TWSE,14.40,
2025-12-23,00944,TWSE,14.48,
2025-12-23,00945B,TWSE,14.54,
2025-12-23,00946,TWSE,9.67,
2025-12-23,00947,TWSE,17.86,
2025-12-23,00949,TWSE,18.35,
2025-12-23,00951,TWSE,11.22,
2025-12-23,00952,TWSE,11.66,
2025-12-23,00953B,TWSE,9.76,
2025-12-23,00954,TWSE,12.01,
2025-12-23,00956,TWSE,11.40,
2025-12-23,00960,TWSE,14.16,
2025-12-23,00961,TWSE,9.37,
2025-12-23,00962,TWSE,10.70,
2025-12-23,00963,TWSE,11.38,
2025-12-23,00964,TWSE,11.35,
2025-12-23,00965,TWSE,22.75,
2025-12-23,00971,TWSE,16.13,
2025-12-23,00972,TWSE,17.94,
2025-12-23,009800,TWSE,11.17,
2025-12-23,009801,TWSE,11.23,
2025-12-23,009802,TWSE,11.10,
2025-12-23,009803,TWSE,12.58,
2025-12-23,009804,TWSE,14.39,
2025-12-23,009805,TWSE,12.43,
2025-12-23,009808,TWSE,19.31,
2025-12-23,009809,TWSE,10.43,
2025-12-23,00980A,TWSE,14.91,
2025-12-23,009810,TWSE,18.51,
2025-12-23,009811,TWSE,11.75,
2025-12-23,009812,TWSE,10.64,
2025-12-23,009813,TWSE,10.57,
2025-12-23,00981A,TWSE,16.25,
2025-12-23,00981T,TWSE,10.49,
2025-12-23,00982A,TWSE,14.02,
2025-12-23,00982D,TWSE,10.17,
2025-12-23,00983A,TWSE,12.28,
2025-12-23,00983D,TWSE,10.26,
2025-12-23,00984A,TWSE,10.91,
2025-12-23,00985A,TWSE,13.02,
2025-12-23,00985B,TWSE,10.35,
2025-12-23,00986A,TWSE,11.50,
2025-12-23,00988A,TWSE,10.09,
2025-12-23,00989A,TWSE,15.35,
2025-12-23,00990A,TWSE,10.04,
2025-12-23,00991A,TWSE,10.02,
2025-12-23,01001T,TWSE,11.57,
2025-12-23,01002T,TWSE,14.54,
2025-12-23,01004T,TWSE,10.72,
2025-12-23,01007T,TWSE,13.31,
2025-12-23,01009T,TWSE,6.87,
2025-12-23,01010T,TWSE,10.02,
2025-12-23,020000,TWSE,,
2025-12-23,020011,TWSE,,
2025-12-23,020012,TWSE,,
2025-12-23,02001L,TWSE,46.80,
2025-12-23,02001R,TWSE,0.90,
2025-12-23,020020,TWSE,15.24,
2025-12-23,020028,TWSE,12.70,
2025-12-23,020029,TWSE,9.65,
2025-12-23,020030,TWSE,8.70,
2025-12-23,020031,TWSE,6.02,
2025-12-23,020032,TWSE,7.73,
2025-12-23,020034,TWSE,7.37,
2025-12-23,020036,TWSE,,
2025-12-23,020037,TWSE,8.50,
2025-12-23,020038,TWSE,7.46,
2025-12-23,020039,TWSE,8.91,
2025-12-23,1101,TWSE,22.60,
2025-12-23,1101B,TWSE,45.55,
2025-12-23,1102,TWSE,36.30,
2025-12-23,1103,TWSE,14.15,
2025-12-23,1104,TWSE,30.40,
2025-12-23,1108,TWSE,14.90,
2025-12-23,1109,TWSE,15.60,
2025-12-23,1110,TWSE,16.55,
2025-12-23,1201,TWSE,14.75,
2025-12-23,1203,TWSE,39.50,
2025-12-23,1210,TWSE,51.10,
2025-12-23,1213,TWSE,,
2025-12-23,1215,TWSE,135.50,
2025-12-23,1216,TWSE,77.80,
2025-12-23,1217,TWSE,10.60,
2025-12-23,1218,TWSE,18.20,
2025-12-23,1219,TWSE,13.50,
2025-12-23,1220,TWSE,12.55,
2025-12-23,1225,TWSE,29.50,
2025-12-23,1227,TWSE,30.75,
2025-12-23,1229,TWSE,47.95,
2025-12-23,1231,TWSE,99.00,
2025-12-23,1232,TWSE,144.50,
2025-12-23,1233,TWSE,31.85,
2025-12-23,1234,TWSE,37.85,
2025-12-23,1235,TWSE,47.50,
2025-12-23,1236,TWSE,25.75,
2025-12-23,1256,TWSE,138.00,
2025-12-23,1301,TWSE,40.15,
2025-12-23,1303,TWSE,60.40,
2025-12-23,1304,TWSE,11.35,
2025-12-23,1305,TWSE,11.35,
2025-12-23,1307,TWSE,34.10,
2025-12-23,1308,TWSE,13.65,
2025-12-23,1309,TWSE,11.45,
2025-12-23,1310,TWSE,8.57,
2025-12-23,1312,TWSE,11.60,
2025-12-23,1312A,TWSE,22.60,
2025-12-23,1313,TWSE,10.55,
2025-12-23,1314,TWSE,8.05,
2025-12-23,1315,TWSE,64.20,
2025-12-23,1316,TWSE,16.10,
2025-12-23,1319,TWSE,95.60,
2025-12-23,1321,TWSE,35.10,
2025-12-23,1323,TWSE,19.55,
2025-12-23,1324,TWSE,10.45,
2025-12-23,1325,TWSE,31.10,
2025-12-23,1326,TWSE,32.55,
2025-12-23,1337,TWSE,4.90,
2025-12-23,1338,TWSE,20.40,
2025-12-23,1339,TWSE,44.60,
2025-12-23,1340,TWSE,7.45,
2025-12-23,1341,TWSE,57.50,
2025-12-23,1342,TWSE,88.60,
2025-12-23,1402,TWSE,27.95,
2025-12-23,1409,TWSE,15.75,
2025-12-23,1410,TWSE,33.90,
2025-12-23,1413,TWSE,10.00,
2025-12-23,1414,TWSE,17.05,
2025-12-23,1416,TWSE,12.10,
2025-12-23,1417,TWSE,8.92,
2025-12-23,1418,TWSE,19.30,
2025-12-23,1419,TWSE,73.70,
2025-12-23,1423,TWSE,38.15,
2025-12-23,1432,TWSE,18.00,
2025-12-23,1434,TWSE,16.50,
2025-12-23,1435,TWSE,21.80,
2025-12-23,1436,TWSE,62.90,
2025-12-23,1437,TWSE,34.55,
2025-12-23,1438,TWSE,33.80,
2025-12-23,1439,TWSE,30.15,
2025-12-23,1440,TWSE,13.60,
2025-12-23,1441,TWSE,10.45,
2025-12-23,1442,TWSE,30.05,
2025-12-23,1443,TWSE,27.20,
2025-12-23,1444,TWSE,6.11,
2025-12-23,1445,TWSE,13.30,
2025-12-23,1446,TWSE,18.20,
2025-12-23,1447,TWSE,5.48,
2025-12-23,1449,TWSE,11.15,
2025-12-23,1451,TWSE,17.40,
2025-12-23,1452,TWSE,12.00,
2025-12-23,1453,TWSE,12.70,
2025-12-23,1454,TWSE,13.35,
2025-12-23,1455,TWSE,7.77,
2025-12-23,1456,TWSE,12.95,
2025-12-23,1457,TWSE,15.80,
2025-12-23,1459,TWSE,11.80,
2025-12-23,1460,TWSE,6.24,
2025-12-23,1463,TWSE,19.70,
2025-12-23,1464,TWSE,11.25,
2025-12-23,1465,TWSE,12.65,
2025-12-23,1466,TWSE,14.35,
2025-12-23,1467,TWSE,7.05,
2025-12-23,1468,TWSE,11.90,
2025-12-23,1470,TWSE,,
2025-12-23,1471,TWSE,8.88,
2025-12-23,1472,TWSE,89.20,
2025-12-23,1473,TWSE,25.00,
2025-12-23,1474,TWSE,11.10,
2025-12-23,1475,TWSE,30.30,
2025-12-23,1476,TWSE,390.00,
2025-12-23,1477,TWSE,299.00,
2025-12-23,1503,TWSE,173.50,
2025-12-23,1504,TWSE,87.70,
2025-12-23,1506,TWSE,11.65,
2025-12-23,1512,TWSE,7.67,
2025-12-23,1513,TWSE,152.00,
2025-12-23,1514,TWSE,102.00,
2025-12-23,1515,TWSE,28.00,
2025-12-23,1516,TWSE,22.20,
2025-12-23,1517,TWSE,11.20,
2025-12-23,1519,TWSE,786.00,
2025-12-23,1521,TWSE,24.25,
2025-12-23,1522,TWSE,47.70,
2025-12-23,1522A,TWSE,,
2025-12-23,1524,TWSE,28.70,
2025-12-23,1525,TWSE,63.80,
2025-12-23,1526,TWSE,16.80,
2025-12-23,1527,TWSE,32.80,
2025-12-23,1528,TWSE,16.40,
2025-12-23,1529,TWSE,18.90,
2025-12-23,1530,TWSE,27.35,
2025-12-23,1531,TWSE,11.95,
2025-12-23,1532,TWSE,27.00,
2025-12-23,1533,TWSE,32.90,
2025-12-23,1535,TWSE,53.00,
2025-12-23,1536,TWSE,58.50,
2025-12-23,1537,TWSE,126.00,
2025-12-23,1538,TWSE,25.60,
2025-12-23,1539,TWSE,17.10,
2025-12-23,1540,TWSE,23.00,
2025-12-23,1541,TWSE,23.70,
2025-12-23,1558,TWSE,101.00,
2025-12-23,1560,TWSE,366.00,
2025-12-23,1563,TWSE,44.65,
2025-12-23,1568,TWSE,22.00,
2025-12-23,1582,TWSE,67.00,
2025-12-23,1583,TWSE,45.75,
2025-12-23,1587,TWSE,56.80,
2025-12-23,1589,TWSE,16.95,
2025-12-23,1590,TWSE,941.00,
2025-12-23,1597,TWSE,73.00,
2025-12-23,1598,TWSE,20.90,
2025-12-23,1603,TWSE,37.30,
2025-12-23,1604,TWSE,24.55,
2025-12-23,1605,TWSE,30.45,
2025-12-23,1608,TWSE,37.25,
2025-12-23,1609,TWSE,38.10,
2025-12-23,1611,TWSE,12.70,
2025-12-23,1612,TWSE,34.45,
2025-12-23,1614,TWSE,34.25,
2025-12-23,1615,TWSE,48.35,
2025-12-23,1616,TWSE,28.55,
2025-12-23,1617,TWSE,14.40,
2025-12-23,1618,TWSE,41.80,
2025-12-23,1626,TWSE,11.50,
2025-12-23,1702,TWSE,39.35,
2025-12-23,1707,TWSE,127.50,
2025-12-23,1708,TWSE,33.05,
2025-12-23,1709,TWSE,16.70,
2025-12-23,1710,TWSE,12.10,
2025-12-23,1711,TWSE,19.30,
2025-12-23,1712,TWSE,44.10,
2025-12-23,1713,TWSE,43.55,
2025-12-23,1714,TWSE,8.37,
2025-12-23,1717,TWSE,41.20,
2025-12-23,1718,TWSE,7.03,
2025-12-23,1720,TWSE,60.00,
2025-12-23,1721,TWSE,12.00,
2025-12-23,1722,TWSE,47.15,
2025-12-23,1723,TWSE,68.60,
2025-12-23,1725,TWSE,25.95,
2025-12-23,1726,TWSE,76.30,
2025-12-23,1727,TWSE,43.40,
2025-12-23,1730,TWSE,53.00,
2025-12-23,1731,TWSE,21.75,
2025-12-23,1732,TWSE,28.60,
2025-12-23,1733,TWSE,31.20,
2025-12-23,1734,TWSE,30.60,
2025-12-23,1735,TWSE,17.65,
2025-12-23,1736,TWSE,145.50,
2025-12-23,1737,TWSE,31.80,
2025-12-23,1752,TWSE,37.65,
2025-12-23,1760,TWSE,64.20,
2025-12-23,1762,TWSE,24.85,
2025-12-23,1773,TWSE,136.50,
2025-12-23,1776,TWSE,15.20,
2025-12-23,1783,TWSE,42.50,
2025-12-23,1786,TWSE,75.00,
2025-12-23,1789,TWSE,17.60,
2025-12-23,1795,TWSE,285.50,
2025-12-23,1802,TWSE,35.75,
2025-12-23,1805,TWSE,11.95,
2025-12-23,1806,TWSE,9.30,
2025-12-23,1808,TWSE,34.40,
2025-12-23,1809,TWSE,17.80,
2025-12-23,1810,TWSE,17.25,
2025-12-23,1817,TWSE,38.40,
2025-12-23,1903,TWSE,56.20,
2025-12-23,1904,TWSE,17.60,
2025-12-23,1905,TWSE,11.70,
2025-12-23,1906,TWSE,11.80,
2025-12-23,1907,TWSE,25.55,
2025-12-23,1909,TWSE,10.00,
2025-12-23,2002,TWSE,18.80,
2025-12-23,2002A,TWSE,38.80,
2025-12-23,2006,TWSE,64.90,
2025-12-23,2007,TWSE,7.35,
2025-12-23,2008,TWSE,29.55,
2025-12-23,2009,TWSE,44.50,
2025-12-23,2010,TWSE,21.20,
2025-12-23,2012,TWSE,15.10,
2025-12-23,2013,TWSE,42.00,
2025-12-23,2014,TWSE,15.40,
2025-12-23,2015,TWSE,62.50,
2025-12-23,2017,TWSE,8.45,
2025-12-23,2020,TWSE,23.30,
2025-12-23,2022,TWSE,8.30,
2025-12-23,2023,TWSE,14.80,
2025-12-23,2024,TWSE,15.50,
2025-12-23,2025,TWSE,9.44,
2025-12-23,2027,TWSE,35.45,
2025-12-23,2028,TWSE,16.95,
2025-12-23,2029,TWSE,21.15,
2025-12-23,2030,TWSE,13.95,
2025-12-23,2031,TWSE,38.00,
2025-12-23,2032,TWSE,14.30,
2025-12-23,2033,TWSE,15.75,
2025-12-23,2034,TWSE,20.45,
2025-12-23,2038,TWSE,14.25,
2025-12-23,2049,TWSE,199.00,
2025-12-23,2059,TWSE,3730.00,
2025-12-23,2062,TWSE,21.45,
2025-12-23,2069,TWSE,17.60,
2025-12-23,2101,TWSE,37.70,
2025-12-23,2102,TWSE,19.90,
2025-12-23,2103,TWSE,15.85,
2025-12-23,2104,TWSE,11.55,
2025-12-23,2105,TWSE,30.05,
2025-12-23,2106,TWSE,20.30,
2025-12-23,2107,TWSE,24.50,
2025-12-23,2108,TWSE,22.50,
2025-12-23,2109,TWSE,15.05,
2025-12-23,2114,TWSE,90.10,
2025-12-23,2115,TWSE,24.55,
2025-12-23,2201,TWSE,34.55,
2025-12-23,2204,TWSE,60.20,
2025-12-23,2206,TWSE,60.40,
2025-12-23,2207,TWSE,569.00,
2025-12-23,2208,TWSE,20.15,
2025-12-23,2211,TWSE,103.00,
2025-12-23,2227,TWSE,56.60,
2025-12-23,2228,TWSE,110.00,
2025-12-23,2231,TWSE,94.40,
2025-12-23,2233,TWSE,189.00,
2025-12-23,2236,TWSE,116.00,
2025-12-23,2239,TWSE,37.00,
2025-12-23,2241,TWSE,37.80,
2025-12-23,2243,TWSE,11.70,
2025-12-23,2247,TWSE,286.50,
2025-12-23,2248,TWSE,49.15,
2025-12-23,2250,TWSE,72.80,
2025-12-23,2254,TWSE,59.90,
2025-12-23,2258,TWSE,41.00,
2025-12-23,2301,TWSE,169.00,
2025-12-23,2302,TWSE,17.70,
2025-12-23,2303,TWSE,50.90,
2025-12-23,2305,TWSE,11.00,
2025-12-23,2308,TWSE,953.00,
2025-12-23,2312,TWSE,23.40,
2025-12-23,2313,TWSE,96.50,
2025-12-23,2314,TWSE,22.80,
2025-12-23,2316,TWSE,104.50,
2025-12-23,2317,TWSE,224.00,
2025-12-23,2321,TWSE,,
2025-12-23,2323,TWSE,10.55,
2025-12-23,2324,TWSE,30.70,
2025-12-23,2327,TWSE,226.00,
2025-12-23,2328,TWSE,47.05,
2025-12-23,2329,TWSE,51.00,
2025-12-23,2330,TWSE,1465.00,
2025-12-23,2331,TWSE,23.95,
2025-12-23,2332,TWSE,15.90,
2025-12-23,2337,TWSE,38.95,
2025-12-23,2338,TWSE,35.75,
2025-12-23,2340,TWSE,27.75,
2025-12-23,2342,TWSE,29.30,
2025-12-23,2344,TWSE,73.10,
2025-12-23,2345,TWSE,1170.00,
2025-12-23,2347,TWSE,58.50,
2025-12-23,2348,TWSE,82.10,
2025-12-23,2348A,TWSE,36.50,
2025-12-23,2349,TWSE,15.00,
2025-12-23,2351,TWSE,76.60,
2025-12-23,2352,TWSE,24.90,
2025-12-23,2353,TWSE,26.10,
2025-12-23,2354,TWSE,62.20,
2025-12-23,2355,TWSE,32.65,
2025-12-23,2356,TWSE,43.10,
2025-12-23,2357,TWSE,550.00,
2025-12-23,2359,TWSE,128.00,
2025-12-23,2360,TWSE,756.00,
2025-12-23,2362,TWSE,40.95,
2025-12-23,2363,TWSE,48.60,
2025-12-23,2364,TWSE,68.60,
2025-12-23,2365,TWSE,36.00,
2025-12-23,2367,TWSE,28.30,
2025-12-23,2368,TWSE,650.00,
2025-12-23,2369,TWSE,22.85,
2025-12-23,2371,TWSE,32.35,
2025-12-23,2373,TWSE,56.90,
2025-12-23,2374,TWSE,78.00,
2025-12-23,2375,TWSE,91.90,
2025-12-23,2376,TWSE,237.00,
2025-12-23,2377,TWSE,101.00,
2025-12-23,2379,TWSE,492.00,
2025-12-23,2380,TWSE,4.96,
2025-12-23,2382,TWSE,267.00,
2025-12-23,2383,TWSE,1600.00,
2025-12-23,2385,TWSE,116.00,
2025-12-23,2387,TWSE,39.60,
2025-12-23,2388,TWSE,57.70,
2025-12-23,2390,TWSE,10.10,
2025-12-23,2392,TWSE,38.05,
2025-12-23,2393,TWSE,54.40,
2025-12-23,2395,TWSE,283.00,
2025-12-23,2397,TWSE,61.90,
2025-12-23,2399,TWSE,24.40,
2025-12-23,2401,TWSE,20.80,
2025-12-23,2402,TWSE,61.80,
2025-12-23,2404,TWSE,932.00,
2025-12-23,2405,TWSE,18.60,
2025-12-23,2406,TWSE,26.20,
2025-12-23,2408,TWSE,180.00,
2025-12-23,2409,TWSE,11.25,
2025-12-23,2412,TWSE,130.50,
2025-12-23,2413,TWSE,33.65,
2025-12-23,2414,TWSE,41.30,
2025-12-23,2415,TWSE,25.70,
2025-12-23,2417,TWSE,35.65,
2025-12-23,2419,TWSE,25.20,
2025-12-23,2420,TWSE,50.70,
2025-12-23,2421,TWSE,159.50,
2025-12-23,2423,TWSE,56.00,
2025-12-23,2424,TWSE,38.10,
2025-12-23,2425,TWSE,30.05,
2025-12-23,2426,TWSE,17.10,
2025-12-23,2427,TWSE,27.45,
2025-12-23,2428,TWSE,178.00,
2025-12-23,2429,TWSE,83.20,
2025-12-23,2430,TWSE,23.10,
2025-12-23,2431,TWSE,11.85,
2025-12-23,2432,TWSE,25.75,
2025-12-23,2433,TWSE,47.45,
2025-12-23,2434,TWSE,30.75,
2025-12-23,2436,TWSE,49.00,
2025-12-23,2438,TWSE,21.70,
2025-12-23,2439,TWSE,97.70,
2025-12-23,2440,TWSE,15.00,
2025-12-23,2441,TWSE,88.20,
2025-12-23,2442,TWSE,25.85,
2025-12-23,2444,TWSE,11.85,
2025-12-23,2449,TWSE,221.00,
2025-12-23,2450,TWSE,29.05,
2025-12-23,2451,TWSE,180.00,
2025-12-23,2453,TWSE,53.60,
2025-12-23,2454,TWSE,1400.00,
2025-12-23,2455,TWSE,147.00,
2025-12-23,2457,TWSE,30.50,
2025-12-23,2458,TWSE,127.50,
2025-12-23,2459,TWSE,65.70,
2025-12-23,2460,TWSE,19.60,
2025-12-23,2461,TWSE,14.80,
2025-12-23,2462,TWSE,22.60,
2025-12-23,2464,TWSE,62.30,
2025-12-23,2465,TWSE,63.40,
2025-12-23,2466,TWSE,67.40,
2025-12-23,2467,TWSE,226.50,
2025-12-23,2468,TWSE,43.85,
2025-12-23,2471,TWSE,50.20,
2025-12-23,2472,TWSE,107.00,
2025-12-23,2474,TWSE,197.00,
2025-12-23,2476,TWSE,89.40,
2025-12-23,2477,TWSE,24.00,
2025-12-23,2478,TWSE,56.70,
2025-12-23,2480,TWSE,151.50,
2025-12-23,2481,TWSE,84.70,
2025-12-23,2482,TWSE,17.40,
2025-12-23,2483,TWSE,18.95,
2025-12-23,2484,TWSE,20.85,
2025-12-23,2485,TWSE,29.45,
2025-12-23,2486,TWSE,93.50,
2025-12-23,2488,TWSE,45.60,
2025-12-23,2489,TWSE,15.20,
2025-12-23,2491,TWSE,21.55,
2025-12-23,2492,TWSE,116.50,
2025-12-23,2493,TWSE,99.20,
2025-12-23,2495,TWSE,30.40,
2025-12-23,2496,TWSE,68.50,
2025-12-23,2497,TWSE,47.25,
2025-12-23,2498,TWSE,49.95,
2025-12-23,2501,TWSE,23.25,
2025-12-23,2504,TWSE,37.25,
2025-12-23,2505,TWSE,19.70,
2025-12-23,2506,TWSE,9.41,
2025-12-23,2509,TWSE,16.00,
2025-12-23,2511,TWSE,8.22,
2025-12-23,2514,TWSE,14.90,
2025-12-23,2515,TWSE,13.35,
2025-12-23,2516,TWSE,15.30,
2025-12-23,2520,TWSE,34.60,
2025-12-23,2524,TWSE,42.35,
2025-12-23,2527,TWSE,28.70,
2025-12-23,2528,TWSE,31.10,
2025-12-23,2530,TWSE,28.90,
2025-12-23,2534,TWSE,20.65,
2025-12-23,2535,TWSE,62.90,
2025-12-23,2536,TWSE,26.55,
2025-12-23,2537,TWSE,11.75,
2025-12-23,2538,TWSE,11.35,
2025-12-23,2539,TWSE,48.00,
2025-12-23,2540,TWSE,48.75,
2025-12-23,2542,TWSE,39.10,
2025-12-23,2543,TWSE,61.10,
2025-12-23,2545,TWSE,38.90,
2025-12-23,2546,TWSE,87.20,
2025-12-23,2547,TWSE,10.75,
2025-12-23,2548,TWSE,114.50,
2025-12-23,2597,TWSE,165.00,
2025-12-23,2601,TWSE,5.54,
2025-12-23,2603,TWSE,186.00,
2025-12-23,2605,TWSE,26.50,
2025-12-23,2606,TWSE,61.60,
2025-12-23,2607,TWSE,58.00,
2025-12-23,2608,TWSE,33.25,
2025-12-23,2609,TWSE,52.70,
2025-12-23,2610,TWSE,19.95,
2025-12-23,2611,TWSE,14.90,
2025-12-23,2612,TWSE,60.10,
2025-12-23,2613,TWSE,23.45,
2025-12-23,2614,TWSE,22.55,
2025-12-23,2615,TWSE,78.20,
2025-12-23,2616,TWSE,13.70,
2025-12-23,2617,TWSE,31.05,
2025-12-23,2618,TWSE,36.45,
2025-12-23,2630,TWSE,51.40,
2025-12-23,2633,TWSE,27.95,
2025-12-23,2634,TWSE,50.80,
2025-12-23,2636,TWSE,66.00,
2025-12-23,2637,TWSE,68.70,
2025-12-23,2642,TWSE,26.20,
2025-12-23,2645,TWSE,145.00,
2025-12-23,2646,TWSE,23.40,
2025-12-23,2701,TWSE,11.05,
2025-12-23,2702,TWSE,11.95,
2025-12-23,2704,TWSE,43.60,
2025-12-23,2705,TWSE,16.65,
2025-12-23,2706,TWSE,13.00,
2025-12-23,2707,TWSE,189.00,
2025-12-23,2712,TWSE,18.35,
2025-12-23,2722,TWSE,26.45,
2025-12-23,2723,TWSE,71.70,
2025-12-23,2727,TWSE,218.00,
2025-12-23,2731,TWSE,167.00,
2025-12-23,2739,TWSE,35.95,
2025-12-23,2748,TWSE,43.10,
2025-12-23,2753,TWSE,197.00,
2025-12-23,2762,TWSE,77.50,
2025-12-23,2801,TWSE,21.15,
2025-12-23,2812,TWSE,21.50,
2025-12-23,2816,TWSE,29.40,
2025-12-23,2820,TWSE,16.95,
2025-12-23,2832,TWSE,51.20,
2025-12-23,2834,TWSE,16.30,
2025-12-23,2836,TWSE,12.60,
2025-12-23,2836A,TWSE,23.90,
2025-12-23,2838,TWSE,19.70,
2025-12-23,2838A,TWSE,,
2025-12-23,2845,TWSE,13.00,
2025-12-23,2849,TWSE,13.70,
2025-12-23,2850,TWSE,118.00,
2025-12-23,2851,TWSE,26.25,
2025-12-23,2852,TWSE,28.05,
2025-12-23,2855,TWSE,24.35,
2025-12-23,2867,TWSE,7.89,
2025-12-23,2880,TWSE,31.90,
2025-12-23,2881,TWSE,98.20,
2025-12-23,2881A,TWSE,63.30,
2025-12-23,2881B,TWSE,61.70,
2025-12-23,2881C,TWSE,53.50,
2025-12-23,2882,TWSE,76.50,
2025-12-23,2882A,TWSE,60.70,
2025-12-23,2882B,TWSE,60.00,
2025-12-23,2883,TWSE,17.75,
2025-12-23,2883B,TWSE,7.89,
2025-12-23,2884,TWSE,33.30,
2025-12-23,2885,TWSE,40.00,
2025-12-23,2886,TWSE,41.20,
2025-12-23,2887,TWSE,21.20,
2025-12-23,2887E,TWSE,49.75,
2025-12-23,2887F,TWSE,46.40,
2025-12-23,2887G,TWSE,39.60,
2025-12-23,2887H,TWSE,39.05,
2025-12-23,2887I,TWSE,9.34,
2025-12-23,2887Z1,TWSE,16.60,
2025-12-23,2889,TWSE,16.55,
2025-12-23,2890,TWSE,29.30,
2025-12-23,2891,TWSE,50.40,
2025-12-23,2891B,TWSE,63.80,
2025-12-23,2891C,TWSE,60.30,
2025-12-23,2892,TWSE,30.10,
2025-12-23,2897,TWSE,9.19,
2025-12-23,2897B,TWSE,11.85,
2025-12-23,2901,TWSE,25.15,
2025-12-23,2903,TWSE,22.30,
2025-12-23,2904,TWSE,17.05,
2025-12-23,2905,TWSE,16.55,
2025-12-23,2906,TWSE,13.05,
2025-12-23,2908,TWSE,20.40,
2025-12-23,2910,TWSE,21.40,
2025-12-23,2911,TWSE,4.72,
2025-12-23,2912,TWSE,221.50,
2025-12-23,2913,TWSE,13.85,
2025-12-23,2915,TWSE,56.20,
2025-12-23,2923,TWSE,20.45,
2025-12-23,2929,TWSE,8.00,
2025-12-23,2939,TWSE,23.50,
2025-12-23,2945,TWSE,38.15,
2025-12-23,3002,TWSE,27.10,
2025-12-23,3003,TWSE,48.60,
2025-12-23,3004,TWSE,103.00,
2025-12-23,3005,TWSE,118.50,
2025-12-23,3006,TWSE,84.10,
2025-12-23,3008,TWSE,2240.00,
2025-12-23,3010,TWSE,114.00,
2025-12-23,3011,TWSE,14.90,
2025-12-23,3013,TWSE,130.00,
2025-12-23,3014,TWSE,116.00,
2025-12-23,3015,TWSE,54.00,
2025-12-23,3016,TWSE,51.90,
2025-12-23,3017,TWSE,1475.00,
2025-12-23,3018,TWSE,11.85,
2025-12-23,3019,TWSE,139.00,
2025-12-23,3021,TWSE,17.70,
2025-12-23,3022,TWSE,67.40,
2025-12-23,3023,TWSE,203.50,
2025-12-23,3024,TWSE,11.25,
2025-12-23,3025,TWSE,63.20,
2025-12-23,3026,TWSE,102.00,
2025-12-23,3027,TWSE,23.55,
2025-12-23,3028,TWSE,39.00,
2025-12-23,3029,TWSE,113.00,
2025-12-23,3030,TWSE,192.50,
2025-12-23,3031,TWSE,19.80,
2025-12-23,3032,TWSE,78.00,
2025-12-23,3033,TWSE,30.95,
2025-12-23,3034,TWSE,377.00,
2025-12-23,3035,TWSE,165.50,
2025-12-23,3036,TWSE,151.00,
2025-12-23,3036A,TWSE,51.40,
2025-12-23,3037,TWSE,220.50,
2025-12-23,3038,TWSE,23.15,
2025-12-23,3040,TWSE,56.70,
2025-12-23,3041,TWSE,25.25,
2025-12-23,3042,TWSE,84.10,
2025-12-23,3043,TWSE,21.80,
2025-12-23,3044,TWSE,315.50,
2025-12-23,3045,TWSE,107.00,
2025-12-23,3046,TWSE,52.90,
2025-12-23,3047,TWSE,18.85,
2025-12-23,3048,TWSE,39.50,
2025-12-23,3049,TWSE,7.35,
2025-12-23,3050,TWSE,13.65,
2025-12-23,3051,TWSE,18.80,
2025-12-23,3052,TWSE,11.80,
2025-12-23,3054,TWSE,27.40,
2025-12-23,3055,TWSE,76.10,
2025-12-23,3056,TWSE,18.20,
2025-12-23,3057,TWSE,20.95,
2025-12-23,3058,TWSE,10.85,
2025-12-23,3059,TWSE,41.20,
2025-12-23,3060,TWSE,33.85,
2025-12-23,3062,TWSE,24.40,
2025-12-23,3090,TWSE,94.70,
2025-12-23,3092,TWSE,16.50,
2025-12-23,3094,TWSE,24.25,
2025-12-23,3130,TWSE,223.50,
2025-12-23,3135,TWSE,63.20,
2025-12-23,3138,TWSE,110.50,
2025-12-23,3149,TWSE,34.05,
2025-12-23,3150,TWSE,19.35,
2025-12-23,3164,TWSE,18.30,
2025-12-23,3167,TWSE,224.00,
2025-12-23,3168,TWSE,43.50,
2025-12-23,3189,TWSE,144.00,
2025-12-23,3209,TWSE,31.70,
2025-12-23,3229,TWSE,27.00,
2025-12-23,3231,TWSE,146.50,
2025-12-23,3257,TWSE,72.50,
2025-12-23,3266,TWSE,13.85,
2025-12-23,3296,TWSE,24.70,
2025-12-23,3305,TWSE,109.00,
2025-12-23,3308,TWSE,15.65,
2025-12-23,3311,TWSE,31.35,
2025-12-23,3312,TWSE,36.55,
2025-12-23,3321,TWSE,18.55,
2025-12-23,3338,TWSE,49.65,
2025-12-23,3346,TWSE,19.20,
2025-12-23,3356,TWSE,46.90,
2025-12-23,3376,TWSE,209.00,
2025-12-23,3380,TWSE,32.05,
2025-12-23,3406,TWSE,424.00,
2025-12-23,3413,TWSE,296.00,
2025-12-23,3416,TWSE,154.00,
2025-12-23,3419,TWSE,12.75,
2025-12-23,3432,TWSE,14.10,
2025-12-23,3437,TWSE,14.35,
2025-12-23,3443,TWSE,2010.00,
2025-12-23,3447,TWSE,47.85,
2025-12-23,3450,TWSE,244.50,
2025-12-23,3454,TWSE,98.70,
2025-12-23,3481,TWSE,12.65,
2025-12-23,3494,TWSE,8.11,
2025-12-23,3501,TWSE,48.80,
2025-12-23,3504,TWSE,52.30,
2025-12-23,3515,TWSE,252.50,
2025-12-23,3518,TWSE,21.10,
2025-12-23,3528,TWSE,68.10,
2025-12-23,3530,TWSE,72.80,
2025-12-23,3532,TWSE,93.80,
2025-12-23,3533,TWSE,1315.00,
2025-12-23,3535,TWSE,90.20,
2025-12-23,3543,TWSE,40.80,
2025-12-23,3545,TWSE,51.70,
2025-12-23,3550,TWSE,14.60,
2025-12-23,3557,TWSE,35.90,
2025-12-23,3563,TWSE,504.00,
2025-12-23,3576,TWSE,8.29,
2025-12-23,3583,TWSE,327.00,
2025-12-23,3588,TWSE,49.30,
2025-12-23,3591,TWSE,18.50,
2025-12-23,3592,TWSE,232.00,
2025-12-23,3593,TWSE,12.30,
2025-12-23,3596,TWSE,183.50,
2025-12-23,3605,TWSE,62.00,
2025-12-23,3607,TWSE,14.50,
2025-12-23,3617,TWSE,209.50,
2025-12-23,3622,TWSE,66.80,
2025-12-23,3645,TWSE,55.30,
2025-12-23,3652,TWSE,28.45,
2025-12-23,3653,TWSE,2645.00,
2025-12-23,3661,TWSE,3225.00,
2025-12-23,3665,TWSE,1475.00,
2025-12-23,3669,TWSE,29.00,
2025-12-23,3673,TWSE,41.85,
2025-12-23,3679,TWSE,115.00,
2025-12-23,3686,TWSE,18.60,
2025-12-23,3694,TWSE,60.10,
2025-12-23,3701,TWSE,40.30,
2025-12-23,3702,TWSE,59.00,
2025-12-23,3703,TWSE,22.95,
2025-12-23,3704,TWSE,32.65,
2025-12-23,3705,TWSE,57.50,
2025-12-23,3706,TWSE,83.70,
2025-12-23,3708,TWSE,118.00,
2025-12-23,3711,TWSE,232.00,
2025-12-23,3712,TWSE,26.05,
2025-12-23,3714,TWSE,32.95,
2025-12-23,3715,TWSE,120.00,
2025-12-23,3716,TWSE,33.60,
2025-12-23,3717,TWSE,17.05,
2025-12-23,4104,TWSE,81.60,
2025-12-23,4106,TWSE,22.20,
2025-12-23,4108,TWSE,13.65,
2025-12-23,4119,TWSE,49.10,
2025-12-23,4133,TWSE,22.95,
2025-12-23,4137,TWSE,98.60,
2025-12-23,4142,TWSE,19.50,
2025-12-23,4148,TWSE,38.25,
2025-12-23,4155,TWSE,15.05,
2025-12-23,4164,TWSE,38.70,
2025-12-23,4190,TWSE,30.05,
2025-12-23,4306,TWSE,14.40,
2025-12-23,4414,TWSE,11.95,
2025-12-23,4426,TWSE,9.74,
2025-12-23,4438,TWSE,78.00,
2025-12-23,4439,TWSE,102.00,
2025-12-23,4440,TWSE,17.75,
2025-12-23,4441,TWSE,242.50,
2025-12-23,4526,TWSE,29.65,
2025-12-23,4532,TWSE,24.35,
2025-12-23,4536,TWSE,163.50,
2025-12-23,4540,TWSE,34.85,
2025-12-23,4545,TWSE,42.45,
2025-12-23,4551,TWSE,118.00,
2025-12-23,4552,TWSE,24.10,
2025-12-23,4555,TWSE,38.90,
2025-12-23,4557,TWSE,78.90,
2025-12-23,4560,TWSE,32.50,
2025-12-23,4562,TWSE,36.20,
2025-12-23,4564,TWSE,17.35,
2025-12-23,4566,TWSE,57.40,
2025-12-23,4569,TWSE,154.00,
2025-12-23,4571,TWSE,161.50,
2025-12-23,4572,TWSE,151.50,
2025-12-23,4576,TWSE,109.00,
2025-12-23,4581,TWSE,51.40,
2025-12-23,4583,TWSE,628.00,
2025-12-23,4585,TWSE,315.00,
2025-12-23,4588,TWSE,62.30,
2025-12-23,4720,TWSE,14.95,
2025-12-23,4722,TWSE,178.00,
2025-12-23,4736,TWSE,122.00,
2025-12-23,4737,TWSE,59.00,
2025-12-23,4739,TWSE,67.10,
2025-12-23,4746,TWSE,61.50,
2025-12-23,4755,TWSE,108.50,
2025-12-23,4763,TWSE,55.60,
2025-12-23,4764,TWSE,115.50,
2025-12-23,4766,TWSE,325.00,
2025-12-23,4770,TWSE,241.00,
2025-12-23,4771,TWSE,175.50,
2025-12-23,4807,TWSE,17.75,
2025-12-23,4904,TWSE,87.80,
2025-12-23,4906,TWSE,28.50,
2025-12-23,4912,TWSE,83.80,
2025-12-23,4915,TWSE,78.60,
2025-12-23,4916,TWSE,56.50,
2025-12-23,4919,TWSE,52.60,
2025-12-23,4927,TWSE,34.30,
2025-12-23,4930,TWSE,22.20,
2025-12-23,4934,TWSE,14.35,
2025-12-23,4935,TWSE,41.25,
2025-12-23,4938,TWSE,70.10,
2025-12-23,4942,TWSE,39.25,
2025-12-23,4943,TWSE,12.70,
2025-12-23,4949,TWSE,37.20,
2025-12-23,4952,TWSE,35.90,
2025-12-23,4956,TWSE,21.00,
2025-12-23,4958,TWSE,144.00,
2025-12-23,4960,TWSE,13.55,
2025-12-23,4961,TWSE,146.00,
2025-12-23,4967,TWSE,149.50,
2025-12-23,4968,TWSE,132.00,
2025-12-23,4976,TWSE,30.75,
2025-12-23,4977,TWSE,138.00,
2025-12-23,4989,TWSE,40.40,
2025-12-23,4994,TWSE,92.90,
2025-12-23,4999,TWSE,23.10,
2025-12-23,5007,TWSE,56.00,
2025-12-23,5203,TWSE,90.40,
2025-12-23,5215,TWSE,34.55,
2025-12-23,5222,TWSE,136.00,
2025-12-23,5225,TWSE,101.50,
2025-12-23,5234,TWSE,341.00,
2025-12-23,5243,TWSE,81.40,
2025-12-23,5244,TWSE,40.30,
2025-12-23,5258,TWSE,71.70,
2025-12-23,5269,TWSE,1190.00,
2025-12-23,5283,TWSE,61.40,
2025-12-23,5284,TWSE,295.00,
2025-12-23,5285,TWSE,49.35,
2025-12-23,5288,TWSE,131.00,
2025-12-23,5292,TWSE,144.50,
2025-12-23,5306,TWSE,87.40,
2025-12-23,5388,TWSE,82.60,
2025-12-23,5434,TWSE,300.00,
2025-12-23,5469,TWSE,97.00,
2025-12-23,5471,TWSE,33.30,
2025-12-23,5484,TWSE,38.00,
2025-12-23,5515,TWSE,34.60,
2025-12-23,5519,TWSE,32.95,
2025-12-23,5521,TWSE,22.85,
2025-12-23,5522,TWSE,76.30,
2025-12-23,5525,TWSE,28.20,
2025-12-23,5531,TWSE,9.17,
2025-12-23,5533,TWSE,14.30,
2025-12-23,5534,TWSE,83.40,
2025-12-23,5538,TWSE,29.60,
2025-12-23,5546,TWSE,22.25,
2025-12-23,5607,TWSE,49.50,
2025-12-23,5608,TWSE,18.05,
2025-12-23,5706,TWSE,50.40,
2025-12-23,5871,TWSE,108.50,
2025-12-23,5871A,TWSE,101.50,
2025-12-23,5876,TWSE,41.20,
2025-12-23,5880,TWSE,24.85,
2025-12-23,5906,TWSE,,
2025-12-23,5907,TWSE,5.72,
2025-12-23,6005,TWSE,24.50,
2025-12-23,6024,TWSE,51.70,
2025-12-23,6108,TWSE,14.50,
2025-12-23,6112,TWSE,47.35,
2025-12-23,6115,TWSE,47.40,
2025-12-23,6116,TWSE,7.42,
2025-12-23,6117,TWSE,82.00,
2025-12-23,6120,TWSE,12.75,
2025-12-23,6128,TWSE,22.95,
2025-12-23,6133,TWSE,21.75,
2025-12-23,6136,TWSE,24.25,
2025-12-23,6139,TWSE,566.00,
2025-12-23,6141,TWSE,11.25,
2025-12-23,6142,TWSE,9.42,
2025-12-23,6152,TWSE,11.35,
2025-12-23,6153,TWSE,15.55,
2025-12-23,6155,TWSE,43.15,
2025-12-23,6164,TWSE,12.85,
2025-12-23,6165,TWSE,47.20,
2025-12-23,6166,TWSE,65.60,
2025-12-23,6168,TWSE,19.85,
2025-12-23,6176,TWSE,123.00,
2025-12-23,6177,TWSE,49.35,
2025-12-23,6183,TWSE,95.60,
2025-12-23,6184,TWSE,48.45,
2025-12-23,6189,TWSE,46.00,
2025-12-23,6191,TWSE,119.00,
2025-12-23,6192,TWSE,105.50,
2025-12-23,6196,TWSE,274.50,
2025-12-23,6197,TWSE,140.00,
2025-12-23,6201,TWSE,57.10,
2025-12-23,6202,TWSE,37.85,
2025-12-23,6205,TWSE,38.85,
2025-12-23,6206,TWSE,93.10,
2025-12-23,6209,TWSE,62.80,
2025-12-23,6213,TWSE,113.00,
2025-12-23,6214,TWSE,129.50,
2025-12-23,6215,TWSE,104.00,
2025-12-23,6216,TWSE,26.80,
2025-12-23,6224,TWSE,42.25,
2025-12-23,6225,TWSE,18.10,
2025-12-23,6226,TWSE,7.71,
2025-12-23,6230,TWSE,121.00,
2025-12-23,6235,TWSE,62.20,
2025-12-23,6239,TWSE,172.00,
2025-12-23,6243,TWSE,35.20,
2025-12-23,6257,TWSE,101.00,
2025-12-23,6269,TWSE,57.90,
2025-12-23,6271,TWSE,135.00,
2025-12-23,6272,TWSE,49.00,
2025-12-23,6277,TWSE,61.20,
2025-12-23,6278,TWSE,96.60,
2025-12-23,6281,TWSE,63.40,
2025-12-23,6282,TWSE,42.25,
2025-12-23,6283,TWSE,25.40,
2025-12-23,6285,TWSE,103.50,
2025-12-23,6405,TWSE,25.35,
2025-12-23,6409,TWSE,962.00,
2025-12-23,6412,TWSE,94.20,
2025-12-23,6414,TWSE,300.50,
2025-12-23,6415,TWSE,200.00,
2025-12-23,6416,TWSE,85.00,
2025-12-23,6423,TWSE,73.80,
2025-12-23,6426,TWSE,97.50,
2025-12-23,6431,TWSE,30.70,
2025-12-23,6438,TWSE,140.00,
2025-12-23,6442,TWSE,1185.00,
2025-12-23,6443,TWSE,24.85,
2025-12-23,6446,TWSE,497.00,
2025-12-23,6449,TWSE,162.50,
2025-12-23,6451,TWSE,163.00,
2025-12-23,6456,TWSE,44.55,
2025-12-23,6464,TWSE,76.60,
2025-12-23,6472,TWSE,503.00,
2025-12-23,6477,TWSE,35.65,
2025-12-23,6491,TWSE,280.50,
2025-12-23,6504,TWSE,41.90,
2025-12-23,6505,TWSE,48.50,
2025-12-23,6515,TWSE,2590.00,
2025-12-23,6525,TWSE,75.40,
2025-12-23,6526,TWSE,438.00,
2025-12-23,6531,TWSE,399.50,
2025-12-23,6533,TWSE,244.50,
2025-12-23,6534,TWSE,90.10,
2025-12-23,6541,TWSE,61.30,
2025-12-23,6550,TWSE,31.15,
2025-12-23,6552,TWSE,24.75,
2025-12-23,6558,TWSE,39.80,
2025-12-23,6573,TWSE,15.40,
2025-12-23,6579,TWSE,109.00,
2025-12-23,6581,TWSE,105.00,
2025-12-23,6582,TWSE,33.85,
2025-12-23,6585,TWSE,90.10,
2025-12-23,6589,TWSE,63.40,
2025-12-23,6591,TWSE,78.80,
2025-12-23,6592,TWSE,61.50,
2025-12-23,6592A,TWSE,96.90,
2025-12-23,6592B,TWSE,97.90,
2025-12-23,6598,TWSE,22.10,
2025-12-23,6605,TWSE,144.00,
2025-12-23,6606,TWSE,25.20,
2025-12-23,6614,TWSE,49.00,
2025-12-23,6625,TWSE,81.90,
2025-12-23,6641,TWSE,19.25,
2025-12-23,6645,TWSE,18.75,
2025-12-23,6655,TWSE,119.50,
2025-12-23,6657,TWSE,42.30,
2025-12-23,6658,TWSE,49.95,
2025-12-23,6666,TWSE,44.85,
2025-12-23,6668,TWSE,38.35,
2025-12-23,6669,TWSE,4250.00,
2025-12-23,6670,TWSE,258.00,
2025-12-23,6671,TWSE,,
2025-12-23,6672,TWSE,95.50,
2025-12-23,6674,TWSE,19.85,
2025-12-23,6689,TWSE,62.90,
2025-12-23,6691,TWSE,584.00,
2025-12-23,6695,TWSE,45.65,
2025-12-23,6698,TWSE,28.60,
2025-12-23,6706,TWSE,119.00,
2025-12-23,6715,TWSE,99.00,
2025-12-23,6719,TWSE,198.00,
2025-12-23,6742,TWSE,47.15,
2025-12-23,6743,TWSE,27.80,
2025-12-23,6753,TWSE,135.50,
2025-12-23,6754,TWSE,47.85,
2025-12-23,6756,TWSE,83.40,
2025-12-23,6757,TWSE,67.00,
2025-12-23,6768,TWSE,114.00,
2025-12-23,6770,TWSE,40.45,
2025-12-23,6771,TWSE,44.95,
2025-12-23,6776,TWSE,49.50,
2025-12-23,6781,TWSE,1320.00,
2025-12-23,6782,TWSE,175.00,
2025-12-23,6789,TWSE,272.50,
2025-12-23,6790,TWSE,38.75,
2025-12-23,6792,TWSE,51.40,
2025-12-23,6794,TWSE,81.40,
2025-12-23,6796,TWSE,99.90,
2025-12-23,6799,TWSE,84.00,
2025-12-23,6805,TWSE,1545.00,
2025-12-23,6806,TWSE,39.15,
2025-12-23,6807,TWSE,46.30,
2025-12-23,6830,TWSE,176.50,
2025-12-23,6831,TWSE,261.50,
2025-12-23,6834,TWSE,28.45,
2025-12-23,6835,TWSE,38.60,
2025-12-23,6838,TWSE,26.70,
2025-12-23,6854,TWSE,131.00,
2025-12-23,6861,TWSE,58.00,
2025-12-23,6862,TWSE,159.50,
2025-12-23,6863,TWSE,113.50,
2025-12-23,6869,TWSE,94.10,
2025-12-23,6873,TWSE,101.50,
2025-12-23,6885,TWSE,29.20,
2025-12-23,6887,TWSE,62.30,
2025-12-23,6890,TWSE,259.50,
2025-12-23,6901,TWSE,17.45,
2025-12-23,6902,TWSE,77.20,
2025-12-23,6906,TWSE,85.30,
2025-12-23,6909,TWSE,39.60,
2025-12-23,6914,TWSE,144.50,
2025-12-23,6916,TWSE,18.85,
2025-12-23,6918,TWSE,87.00,
2025-12-23,6919,TWSE,162.50,
2025-12-23,6923,TWSE,96.60,
2025-12-23,6924,TWSE,69.90,
2025-12-23,6928,TWSE,51.30,
2025-12-23,6931,TWSE,64.40,
2025-12-23,6933,TWSE,152.50,
2025-12-23,6936,TWSE,36.20,
2025-12-23,6937,TWSE,220.00,
2025-12-23,6944,TWSE,684.00,
2025-12-23,6949,TWSE,354.50,
2025-12-23,6951,TWSE,71.70,
2025-12-23,6952,TWSE,43.40,
2025-12-23,6955,TWSE,151.00,
2025-12-23,6957,TWSE,201.00,
2025-12-23,6958,TWSE,16.60,
2025-12-23,6962,TWSE,40.50,
2025-12-23,6965,TWSE,83.90,
2025-12-23,6969,TWSE,29.50,
2025-12-23,6988,TWSE,12.75,
2025-12-23,6994,TWSE,96.70,
2025-12-23,7610,TWSE,116.00,
2025-12-23,7631,TWSE,132.00,
2025-12-23,7705,TWSE,40.00,
2025-12-23,7711,TWSE,263.00,
2025-12-23,7721,TWSE,51.20,
2025-12-23,7722,TWSE,564.00,
2025-12-23,7730,TWSE,88.00,
2025-12-23,7732,TWSE,41.10,
2025-12-23,7736,TWSE,89.90,
2025-12-23,7740,TWSE,150.00,
2025-12-23,7749,TWSE,453.00,
2025-12-23,7750,TWSE,849.00,
2025-12-23,7765,TWSE,271.00,
2025-12-23,7769,TWSE,3300.00,
2025-12-23,7780,TWSE,161.00,
2025-12-23,7786,TWSE,160.50,
2025-12-23,7788,TWSE,141.00,
2025-12-23,7791,TWSE,72.00,
2025-12-23,7799,TWSE,528.00,
2025-12-23,8011,TWSE,23.05,
2025-12-23,8016,TWSE,184.00,
2025-12-23,8021,TWSE,164.00,
2025-12-23,8028,TWSE,167.00,
2025-12-23,8033,TWSE,144.00,
2025-12-23,8039,TWSE,95.00,
2025-12-23,8045,TWSE,78.70,
2025-12-23,8046,TWSE,244.00,
2025-12-23,8070,TWSE,42.35,
2025-12-23,8072,TWSE,30.80,
2025-12-23,8081,TWSE,213.00,
2025-12-23,8101,TWSE,15.95,
2025-12-23,8103,TWSE,90.30,
2025-12-23,8104,TWSE,32.45,
2025-12-23,8105,TWSE,11.35,
2025-12-23,8110,TWSE,53.30,
2025-12-23,8112,TWSE,72.20,
2025-12-23,8112A,TWSE,43.95,
2025-12-23,8114,TWSE,176.00,
2025-12-23,8131,TWSE,56.30,
2025-12-23,8150,TWSE,46.00,
2025-12-23,8162,TWSE,33.75,
2025-12-23,8163,TWSE,31.35,
2025-12-23,8201,TWSE,13.70,
2025-12-23,8210,TWSE,942.00,
2025-12-23,8213,TWSE,33.35,
2025-12-23,8215,TWSE,19.25,
2025-12-23,8222,TWSE,41.20,
2025-12-23,8249,TWSE,51.60,
2025-12-23,8261,TWSE,91.50,
2025-12-23,8271,TWSE,99.20,
2025-12-23,8341,TWSE,78.50,
2025-12-23,8367,TWSE,43.75,
2025-12-23,8374,TWSE,78.90,
2025-12-23,8404,TWSE,24.15,
2025-12-23,8411,TWSE,12.20,
2025-12-23,8422,TWSE,24.80,
2025-12-23,8429,TWSE,7.71,
2025-12-23,8438,TWSE,29.50,
2025-12-23,8442,TWSE,70.30,
2025-12-23,8443,TWSE,11.10,
2025-12-23,8454,TWSE,215.50,
2025-12-23,8462,TWSE,146.00,
2025-12-23,8463,TWSE,27.50,
2025-12-23,8464,TWSE,381.00,
2025-12-23,8466,TWSE,22.20,
2025-12-23,8467,TWSE,150.50,
2025-12-23,8473,TWSE,36.10,
2025-12-23,8476,TWSE,18.10,
2025-12-23,8478,TWSE,207.00,
2025-12-23,8481,TWSE,41.00,
2025-12-23,8482,TWSE,50.00,
2025-12-23,8487,TWSE,78.70,
2025-12-23,8488,TWSE,10.00,
2025-12-23,8499,TWSE,384.00,
2025-12-23,8926,TWSE,41.40,
2025-12-23,8940,TWSE,20.25,
2025-12-23,8996,TWSE,553.00,
2025-12-23,9103,TWSE,4.59,
2025-12-23,910322,TWSE,24.10,
2025-12-23,9105,TWSE,5.90,
2025-12-23,910861,TWSE,5.33,
2025-12-23,9110,TWSE,3.20,
2025-12-23,911608,TWSE,2.75,
2025-12-23,911622,TWSE,4.01,
2025-12-23,911868,TWSE,1.34,
2025-12-23,912000,TWSE,2.74,
2025-12-23,9136,TWSE,7.23,
2025-12-23,9802,TWSE,107.00,
2025-12-23,9902,TWSE,17.70,
2025-12-23,9904,TWSE,30.55,
2025-12-23,9905,TWSE,19.95,
2025-12-23,9906,TWSE,51.70,
2025-12-23,9907,TWSE,18.35,
2025-12-23,9908,TWSE,29.95,
2025-12-23,9910,TWSE,118.50,
2025-12-23,9911,TWSE,83.80,
2025-12-23,9912,TWSE,12.30,
2025-12-23,9914,TWSE,86.20,
2025-12-23,9917,TWSE,107.00,
2025-12-23,9918,TWSE,39.80,
2025-12-23,9919,TWSE,16.75,
2025-12-23,9921,TWSE,97.30,
2025-12-23,9924,TWSE,53.10,
2025-12-23,9925,TWSE,40.80,
2025-12-23,9926,TWSE,49.85,
2025-12-23,9927,TWSE,67.70,
2025-12-23,9928,TWSE,18.65,
2025-12-23,9929,TWSE,,
2025-12-23,9930,TWSE,70.30,
2025-12-23,9931,TWSE,34.00,
2025-12-23,9933,TWSE,31.75,
2025-12-23,9934,TWSE,10.10,
2025-12-23,9935,TWSE,20.70,
2025-12-23,9937,TWSE,58.00,
2025-12-23,9938,TWSE,51.30,
2025-12-23,9939,TWSE,119.00,
2025-12-23,9940,TWSE,22.90,
2025-12-23,9941,TWSE,92.20,
2025-12-23,9941A,TWSE,50.50,
2025-12-23,9942,TWSE,105.00,
2025-12-23,9943,TWSE,61.20,
2025-12-23,9944,TWSE,17.00,
2025-12-23,9945,TWSE,30.60,
2025-12-23,9946,TWSE,18.80,
2025-12-23,9955,TWSE,30.55,
2025-12-23,9958,TWSE,139.00,
